"League","Name","Team","Position","GamesPlayed","TotalMinutesPlayed","FieldGoalsMade","FieldGoalsAttempted","ThreesMade","ThreesAttempted","FreeThrowsMade","FreeThrowsAttempted","OffensiveRebounds","TotalRebounds","Assists","Steals","Turnovers","Blocks","PersonalFouls","Disqualifications","TotalPoints","Technicals","Ejections","FlagrantFouls","GamesStarted"
"NBA","Arron Afflalo","DEN","SG",82,2228,272,585,108,249,72,98,59,252,138,46,74,30,225,1,724,2,0,0,75
"NBA","Alexis Ajinca","CHA","C",6,29,5,10,0,0,0,1,1,4,0,1,2,1,5,0,10,0,0,0,0
"NBA","Lamarcu Aldridge","POR","PF",78,2919,579,1169,5,16,230,304,192,627,160,67,104,48,231,2,1393,1,0,0,78
"NBA","Joe Alexander","CHI","SG",8,30,1,6,0,1,2,3,2,5,2,1,0,1,9,0,4,0,0,0,0
"NBA","Malik Allen","DEN","PF",51,458,46,116,1,6,12,13,36,82,16,11,22,5,68,0,105,0,0,0,3
"NBA","Ray Allen","BOS","SG",80,2812,464,973,145,399,231,253,45,253,211,64,129,25,182,1,1304,0,0,0,80
"NBA","Tony Allen","BOS","SG",54,889,129,253,0,5,72,119,52,145,72,59,66,19,109,1,330,0,0,0,8
"NBA","Rafer Alston","ORL","PG",52,1424,155,446,58,168,59,81,13,129,176,50,95,10,103,0,427,1,0,0,38
"NBA","Louis Amundson","PHO","PF",79,1165,152,276,0,1,67,123,128,346,31,24,57,73,169,1,371,2,0,0,0
"NBA","Chris Andersen","DEN","C",76,1693,142,251,0,3,164,236,147,483,33,42,59,144,171,1,448,1,0,0,0
"NBA","David Andersen","HOU","PF",63,892,147,340,27,78,46,67,54,208,44,15,37,12,119,0,367,1,0,0,0
"NBA","Antonio Anderson","OKL",NA,1,15,1,3,0,0,0,0,1,1,0,0,1,0,1,0,2,0,0,0,0
"NBA","Ryan Anderson","ORL","PF",63,918,169,388,78,211,71,82,70,202,37,25,56,14,81,0,487,0,0,0,6
"NBA","Carmelo Anthony","DEN","SF",69,2636,688,1502,59,187,508,612,152,454,222,88,209,30,225,2,1943,12,0,0,69
"NBA","Joel Anthony","MIA","C",80,1318,76,159,0,0,66,92,123,249,12,20,45,109,158,1,218,0,0,0,16
"NBA","Gilbert Arenas","WAS","PG",32,1167,253,616,63,181,153,207,17,133,230,41,117,9,95,2,722,3,0,0,32
"NBA","Trevor Ariza","HOU","SF",72,2631,394,999,136,407,148,228,78,403,276,127,161,40,162,0,1072,2,0,0,71
"NBA","Hilton Armstrong","SAC","C",33,336,28,79,0,1,15,32,27,81,21,15,22,12,59,1,71,0,0,0,0
"NBA","Carlos Arroyo","MIA","PG",72,1582,178,375,7,25,76,90,26,130,225,36,54,6,102,0,439,0,0,0,34
"NBA","Ron Artest","LAL","SF",77,2606,306,740,105,296,128,186,99,331,234,107,121,21,165,1,845,6,0,0,77
"NBA","Darrell Arthur","MEM","PF",32,455,63,146,0,1,17,30,37,110,15,14,22,14,60,0,143,1,0,0,1
"NBA","Chucky Atkins","DET","PG",40,642,57,157,22,73,25,27,5,29,91,17,32,0,53,1,161,0,0,0,11
"NBA","D.j. Augustin","CHA","PG",80,1472,168,435,70,178,102,131,11,97,193,45,74,5,127,0,508,0,0,0,2
"NBA","Kelenna Azubuike","GSW","SF",9,231,48,88,10,27,19,28,12,41,10,5,7,9,16,0,125,1,0,0,7
"NBA","Renaldo Balkman","DEN","PF",13,91,6,18,0,7,2,6,4,23,7,8,6,2,16,0,14,0,0,0,1
"NBA","Marcus Banks","TOR","PG",22,244,39,73,7,24,24,29,3,23,26,12,20,2,30,0,109,1,0,0,0
"NBA","Leandro Barbosa","PHO","SG",44,783,155,365,44,136,64,73,11,69,64,23,46,12,71,0,418,0,0,0,5
"NBA","Juan_jose Barea","DAL","PG",78,1545,232,527,56,157,76,90,17,146,258,35,102,6,119,1,596,2,0,0,18
"NBA","Andrea Bargnani","TOR","C",80,2798,537,1143,121,325,181,234,105,493,93,25,120,111,215,3,1376,3,0,0,80
"NBA","Matt Barnes","ORL","SF",81,2090,271,557,66,207,108,146,106,444,134,59,112,30,185,1,716,9,0,0,58
"NBA","Earl Barron","NYK","C",7,232,30,68,0,0,22,29,31,77,8,4,11,4,24,0,82,0,0,0,6
"NBA","Brandon Bass","ORL","PF",50,646,119,233,0,0,52,63,54,128,19,12,31,27,69,0,290,1,0,0,3
"NBA","Tony Battie","NJN","C",15,133,14,39,1,4,7,10,4,23,3,4,3,2,19,0,36,0,0,0,0
"NBA","Shane Battier","HOU","SF",67,2169,178,447,101,279,77,106,74,312,164,52,64,76,139,0,534,1,0,0,62
"NBA","Nicolas Batum","POR","SF",37,919,139,268,54,132,43,51,32,141,44,24,27,25,83,1,375,0,0,0,25
"NBA","Jerryd Bayless","POR","PG",74,1304,200,483,29,92,201,242,18,120,172,26,94,5,152,1,630,2,0,0,11
"NBA","Michael Beasley","MIA","PF",78,2327,468,1040,28,102,192,240,124,499,100,80,131,49,221,2,1156,3,0,0,78
"NBA","Rodrigu Beaubois","DAL","PG",56,702,155,299,45,110,42,52,12,78,74,29,54,12,84,1,397,0,0,0,16
"NBA","Marco Belinelli","TOR","SG",66,1120,154,379,60,158,101,121,14,95,89,42,60,5,80,1,469,0,0,0,1
"NBA","Charlie Bell","MIL","SG",71,1617,169,443,73,200,48,67,31,132,104,39,54,12,136,0,459,0,0,0,39
"NBA","Raja Bell","GSW","SG",6,181,28,61,12,27,3,3,5,23,13,4,5,2,15,0,71,1,0,0,5
"NBA","Jonathan Bender","NYK","SF",25,292,40,100,14,39,24,26,15,52,16,2,28,17,33,0,118,0,0,0,1
"NBA","Mike Bibby","ATL","PG",80,2196,268,644,126,324,68,79,20,184,310,67,90,3,157,0,730,3,0,0,80
"NBA","Andris Biedrins","GSW","C",33,764,81,137,0,0,4,25,63,259,58,20,32,44,117,3,166,0,0,0,29
"NBA","Chauncey Billups","DEN","PG",73,2489,402,962,157,407,466,512,25,228,409,82,177,9,153,1,1427,8,0,0,73
"NBA","Dejuan Blair","SAN","PF",82,1496,275,495,0,2,88,161,200,527,65,50,112,39,224,2,638,2,0,0,24
"NBA","Steve Blake","LAC","PG",80,2157,217,522,116,294,36,48,21,187,380,58,128,6,123,0,586,3,0,0,38
"NBA","Andray Blatche","WAS","PF",81,2250,478,999,13,44,174,234,158,509,170,85,181,71,218,0,1143,4,0,0,36
"NBA","Keith Bogans","SAN","SG",79,1560,120,298,70,196,37,50,25,176,95,45,53,12,156,1,347,1,0,0,50
"NBA","Andrew Bogut","MIL","C",69,2229,473,910,0,2,149,237,208,701,127,39,131,175,222,5,1095,4,0,0,69
"NBA","Matt Bonner","SAN","PF",65,1165,166,372,90,231,35,48,52,214,68,30,39,24,109,1,457,1,0,0,8
"NBA","Josh Boone","NJN","C",63,1045,117,223,0,0,19,58,124,315,29,30,37,48,111,0,253,0,0,0,28
"NBA","Carlos Boozer","UTA","PF",78,2671,617,1098,0,0,285,384,181,874,248,84,212,36,270,4,1519,5,0,0,78
"NBA","Chris Bosh","TOR","PF",70,2525,600,1158,8,22,470,590,205,759,166,43,169,68,170,1,1678,2,0,0,70
"NBA","Ryan Bowen","OKL","SF",1,8,1,1,0,0,2,2,1,2,0,1,0,0,2,0,4,0,0,0,0
"NBA","Earl Boykins","WAS","PG",67,1119,172,403,19,60,77,89,17,75,171,24,69,3,48,0,440,0,0,0,1
"NBA","Elton Brand","PHI","PF",76,2297,412,858,0,1,172,233,179,461,110,82,131,80,232,1,996,0,0,0,58
"NBA","Corey Brewer","MIN","SF",82,2483,409,948,82,237,166,256,69,278,193,117,165,29,224,4,1066,1,0,0,82
"NBA","Ronnie Brewer","MEM","SG",58,1740,209,429,8,31,85,133,45,187,154,91,53,14,80,0,511,0,0,0,52
"NBA","Primoz Brezec","MIL","C",21,96,9,26,0,0,1,6,12,25,1,1,2,3,19,0,19,0,0,0,0
"NBA","Jon Brockman","SAC","PF",52,657,55,103,0,0,37,62,105,213,23,14,23,4,115,0,147,0,0,0,4
"NBA","Aaron Brooks","HOU","PG",82,2918,575,1331,209,525,245,298,54,215,434,69,232,14,199,1,1604,9,0,0,82
"NBA","Bobby Brown","LAC","PG",45,520,88,237,26,98,13,15,9,38,88,15,46,1,42,0,215,0,0,0,0
"NBA","Derrick Brown","CHA","SF",57,536,68,147,2,7,48,72,31,78,19,21,19,10,53,0,186,0,0,0,0
"NBA","Devin Brown","CHI","SG",50,1058,136,361,58,164,69,86,30,125,65,33,62,6,72,0,399,0,0,0,37
"NBA","Kwame Brown","DET","C",48,660,62,124,0,1,33,98,53,177,22,15,43,12,93,1,157,3,0,0,1
"NBA","Shannon Brown","LAL","SG",82,1702,253,592,62,189,99,121,30,183,108,57,67,31,129,0,667,2,0,0,7
"NBA","Kobe Bryant","LAL","SG",73,2834,716,1569,99,301,439,541,78,391,365,113,232,20,187,0,1970,14,0,0,73
"NBA","Chase Budinger","HOU","SF",74,1493,249,565,92,249,67,87,38,220,88,34,48,11,85,0,657,0,0,0,4
"NBA","Caron Butler","DAL","SF",74,2779,450,1051,42,145,264,315,104,461,156,116,160,24,193,0,1206,2,0,0,74
"NBA","Rasual Butler","LAC","SG",82,2703,356,870,145,432,122,145,39,240,116,36,79,68,121,0,979,1,0,0,64
"NBA","Andrew Bynum","LAL","C",65,1977,392,688,0,1,193,261,177,541,68,35,115,94,193,2,977,3,0,0,65
"NBA","Will Bynum","DET","PG",63,1664,237,534,12,55,142,178,24,142,283,55,115,7,143,0,628,2,0,0,20
"NBA","Jose Calderon","TOR","PG",68,1817,274,569,68,171,83,104,23,143,404,47,99,7,135,1,699,2,0,0,39
"NBA","Marcus Camby","POR","C",74,2312,238,501,2,7,78,122,249,870,186,94,91,146,161,0,556,3,0,0,74
"NBA","Brian Cardinal","MIN","PF",29,268,14,36,3,9,17,18,7,29,24,9,7,3,56,1,48,0,0,0,0
"NBA","Rodney Carney","PHI","SF",68,858,113,282,41,135,52,63,26,137,37,25,21,20,79,0,319,0,0,0,0
"NBA","Demarre Carroll","MEM","SF",71,793,88,222,0,6,33,53,53,150,33,28,24,9,107,1,209,1,0,0,1
"NBA","Matt Carroll","DAL","SG",25,121,18,50,4,19,6,6,4,12,6,5,7,0,13,0,46,0,0,0,0
"NBA","Anthony Carter","DEN","PG",54,859,76,181,17,63,11,13,17,89,160,39,58,13,72,0,180,1,0,0,7
"NBA","Vince Carter","ORL","SG",75,2310,434,1015,119,324,257,306,33,293,236,53,106,18,189,0,1244,3,0,0,74
"NBA","Omri Casspi","SAC","SF",77,1932,300,672,75,203,117,174,75,349,97,54,98,18,125,0,792,3,0,0,31
"NBA","Mario Chalmers","MIA","PG",73,1806,182,454,75,236,82,110,25,135,246,91,123,12,175,1,521,0,0,0,22
"NBA","Tyson Chandler","CHA","C",51,1164,109,190,0,0,115,157,114,320,16,17,91,57,138,1,333,3,0,0,27
"NBA","Wilson Chandler","NYK","SF",65,2320,412,860,40,150,129,160,93,348,138,46,108,49,184,3,993,0,0,0,64
"NBA","Earl Clark","PHO","C",51,385,56,151,2,5,26,36,18,62,21,7,23,13,25,0,140,0,0,0,0
"NBA","Jarron Collins","PHO","C",34,263,12,31,0,0,10,25,22,62,6,2,10,3,42,0,34,0,0,0,10
"NBA","Jason Collins","ATL","C",24,113,8,23,0,1,0,2,5,14,4,3,5,2,21,0,16,0,0,0,0
"NBA","Mardy Collins","LAC","PG",43,469,47,128,4,17,13,21,13,50,44,23,32,1,45,0,111,0,0,0,0
"NBA","Darren Collison","NOR","PG",76,2105,376,789,46,115,148,174,41,192,432,78,202,4,92,0,946,1,0,0,37
"NBA","Nick Collison","OKL","PF",75,1560,182,309,1,4,74,107,152,384,38,37,63,48,230,4,439,1,0,0,5
"NBA","Mike Conley","MEM","PG",80,2565,369,830,82,212,139,187,30,191,425,109,170,12,178,4,959,0,0,0,80
"NBA","Will Conroy","HOU","PG",5,36,3,10,0,3,0,2,0,3,7,0,4,0,5,0,6,0,0,0,0
"NBA","Brian Cook","HOU","PF",14,45,7,23,2,9,5,7,1,9,1,0,6,2,5,0,21,0,0,0,0
"NBA","Daequan Cook","MIA","SG",45,691,81,253,40,126,21,25,9,82,43,14,24,10,50,0,223,0,0,0,4
"NBA","Jamal Crawford","ATL","SG",79,2459,496,1105,163,427,270,315,34,201,238,60,137,12,132,0,1425,2,0,0,0
"NBA","Dante Cunningham","POR","PF",63,707,106,214,0,2,31,48,54,160,14,24,15,22,97,0,243,0,0,0,2
"NBA","Eddy Curry","NYK","C",7,63,8,21,0,0,10,17,4,13,0,0,13,1,13,0,26,1,0,0,0
"NBA","Stephen Curry","GSW","PG",80,2895,528,1143,166,380,177,200,48,355,472,152,244,19,252,4,1399,0,0,0,77
"NBA","Samuel Dalembert","PHI","C",82,2126,285,523,0,0,97,133,239,783,64,42,123,151,252,5,667,5,0,0,79
"NBA","Erick Dampier","DAL","C",55,1279,133,213,1,3,61,101,128,400,31,15,61,77,153,0,328,2,0,0,47
"NBA","Marquis Daniels","BOS","SG",51,940,124,249,6,28,34,56,27,95,66,28,42,6,91,0,288,0,0,0,4
"NBA","Baron Davis","LAC","PG",75,2522,412,1015,82,296,239,291,52,267,598,126,211,43,210,0,1145,9,0,0,73
"NBA","Glen Davis","BOS","PF",54,929,122,279,0,4,96,138,101,205,35,21,53,14,132,2,340,3,0,0,1
"NBA","Paul Davis","WAS","C",2,8,2,4,0,0,1,2,0,0,3,0,0,1,0,0,5,0,0,0,0
"NBA","Ricky Davis","LAC","SF",36,502,62,143,16,42,18,31,10,57,39,11,29,3,39,0,158,1,0,0,2
"NBA","Austin Daye","DET","SF",69,911,137,295,29,95,46,56,34,174,34,25,48,26,114,1,349,0,0,0,4
"NBA","Carlos Delfino","MIL","SF",75,2284,299,732,134,365,93,119,51,394,202,80,120,21,138,0,825,0,0,0,66
"NBA","Luol Deng","CHI","SF",70,2654,473,1014,32,83,252,330,131,512,143,66,134,62,129,0,1230,1,0,0,69
"NBA","Demar Derozan","TOR","SF",77,1664,255,511,4,16,148,194,66,223,53,43,62,18,176,0,662,0,0,0,65
"NBA","Boris Diaw","CHA","PF",82,2906,373,773,66,206,114,149,131,424,324,60,177,55,219,3,926,1,0,0,82
"NBA","Yakhouba Diawara","MIA","SF",6,44,2,10,1,6,0,0,1,4,3,1,3,0,8,0,5,0,0,0,2
"NBA","Travis Diener","NA","PG",9,50,2,10,1,7,1,4,0,3,8,4,0,0,2,0,6,0,0,0,0
"NBA","Desagana Diop","CHA","C",27,261,15,29,0,0,2,9,24,65,5,5,12,14,31,1,32,0,0,0,0
"NBA","Keyon Dooling","NJN","PG",53,973,129,324,59,157,47,61,8,54,135,34,59,0,82,0,364,0,0,0,8
"NBA","Joey Dorsey","SAC","SG",15,109,9,20,0,0,5,12,16,43,2,3,6,2,21,0,23,0,0,0,0
"NBA","Toney Douglas","NYK","PG",56,1088,179,391,68,175,55,68,40,108,112,42,55,3,116,0,481,0,0,0,12
"NBA","Douglas-roberts","NJN","SG",67,1735,255,573,14,54,133,157,45,198,93,55,97,19,101,0,657,1,0,0,38
"NBA","Goran Dragic","PHO","PG",80,1442,222,491,74,188,117,159,38,171,241,48,126,8,131,0,635,0,0,0,2
"NBA","Jared Dudley","PHO","SF",82,1991,225,490,120,262,104,138,99,281,115,81,68,16,162,1,674,0,0,0,1
"NBA","Chris Duhon","NYK","PG",67,2074,168,451,90,258,68,95,28,178,378,60,110,3,83,0,494,0,0,0,59
"NBA","Tim Duncan","SAN","C",78,2435,561,1082,2,11,271,374,221,787,246,45,140,117,152,1,1395,4,0,0,78
"NBA","Mike Dunleavy","IND","SF",67,1480,229,558,75,236,133,158,25,236,103,38,72,16,105,0,666,0,0,0,15
"NBA","Kevin Durant","OKL","SF",82,3241,794,1668,128,351,756,840,105,623,231,112,271,84,171,1,2472,3,0,0,82
"NBA","Wayne Ellington","MIN","PG",76,1386,190,448,64,162,61,70,33,159,74,20,73,5,72,1,505,0,0,0,1
"NBA","Monta Ellis","GSW","PG",64,2647,631,1406,77,228,292,388,47,257,339,143,243,25,189,2,1631,5,0,0,64
"NBA","Francisco Elson","PHI","C",12,64,5,15,0,0,2,5,6,14,2,1,1,0,7,0,12,0,0,0,0
"NBA","Maurice Evans","ATL","SF",79,1318,175,393,57,169,46,61,59,154,48,34,20,17,125,0,453,2,0,0,5
"NBA","Reggie Evans","TOR","PF",28,309,34,69,0,0,27,60,30,105,8,14,22,4,44,0,95,2,0,0,1
"NBA","Tyreke Evans","SAC","PG",72,2681,533,1165,36,141,348,465,66,380,412,109,216,25,204,2,1450,4,0,0,72
"NBA","Jordan Farmar","LAL","PG",82,1473,224,515,86,229,57,85,14,131,127,52,72,11,109,0,591,1,0,0,0
"NBA","Raymond Felton","CHA","PG",80,2644,388,846,60,156,132,173,53,289,446,123,168,22,172,1,968,2,0,0,80
"NBA","Rudy Fernandez","POR","SG",62,1446,160,423,98,266,85,98,35,164,126,62,72,11,87,0,503,2,0,0,2
"NBA","Kyrylo Fesenko","UTA","C",49,409,52,95,0,1,24,57,33,90,15,6,24,19,78,1,128,0,0,0,5
"NBA","Michael Finley","BOS","SF",46,707,81,184,32,82,8,15,6,71,43,10,21,6,33,0,202,0,0,0,7
"NBA","Derek Fisher","LAL","PG",82,2226,212,558,78,224,113,132,25,170,201,89,78,9,202,1,615,5,0,0,82
"NBA","Jonny Flynn","MIN","PG",81,2340,397,952,77,215,223,270,24,191,356,82,232,2,98,0,1094,1,0,0,81
"NBA","T.j. Ford","IND","PG",47,1188,186,418,8,50,104,135,41,149,180,44,90,10,102,1,484,3,0,0,32
"NBA","Jeff Foster","IND","C",16,253,22,46,0,1,5,9,34,81,21,3,14,4,45,0,49,0,0,0,3
"NBA","Randy Foye","WAS","PG",70,1668,256,619,63,182,129,145,16,130,228,33,94,10,123,0,704,0,0,0,38
"NBA","Channing Frye","PHO","C",81,2192,317,703,172,392,98,121,66,427,113,64,73,74,263,3,904,5,0,0,41
"NBA","Dan Gadzuric","MIL","C",32,314,39,88,0,0,10,25,38,92,12,9,15,13,63,0,88,0,0,0,6
"NBA","Sundiata Gaines","UTA","PG",32,218,38,82,7,26,23,46,6,29,39,12,14,0,17,0,106,0,0,0,0
"NBA","Danilo Gallinari","NYK","SF",81,2748,392,927,186,488,251,307,65,398,135,74,110,58,191,1,1221,0,0,0,74
"NBA","Francisco Garcia","SAC","SG",25,574,82,176,23,59,15,17,11,66,45,10,21,19,49,0,202,0,0,0,4
"NBA","Kevin Garnett","BOS","PF",69,2061,402,772,1,5,185,221,78,506,185,68,101,57,170,1,990,6,0,0,69
"NBA","Marc Gasol","MEM","C",69,2468,378,651,0,1,252,376,208,640,165,69,135,109,254,3,1008,2,0,0,69
"NBA","Pau Gasol","LAL","PF",65,2403,452,844,0,5,286,362,243,734,218,36,143,113,152,0,1190,5,0,0,65
"NBA","Rudy Gay","MEM","SF",80,3176,600,1288,66,202,301,400,115,472,153,118,169,64,201,0,1567,3,0,0,80
"NBA","Alonzo Gee","WAS","SG",11,182,28,59,7,9,18,29,15,33,7,7,10,1,13,0,81,0,0,0,2
"NBA","Devean George","GSW","SF",45,761,89,206,48,123,16,23,21,114,32,41,15,10,89,1,242,0,0,0,4
"NBA","Daniel Gibson","CLE","PG",56,1076,125,268,71,149,34,49,13,73,70,25,36,7,79,0,355,0,0,0,10
"NBA","Taj Gibson","CHI","SF",82,2203,311,628,0,0,113,175,226,611,70,50,113,102,282,9,735,3,0,0,70
"NBA","J.r. Giddens","NYK","SF",32,242,28,60,0,10,13,23,16,51,13,9,17,2,29,0,69,0,0,0,1
"NBA","Trey Gilder","MEM","SF",2,5,1,1,0,0,0,0,0,1,0,1,0,0,0,0,2,0,0,0,0
"NBA","Manu Ginobili","SAN","SG",75,2150,398,903,132,350,309,355,68,284,370,102,154,24,154,0,1237,2,0,0,21
"NBA","Ryan Gomes","MIN","SF",76,2209,327,732,74,199,104,126,76,348,124,61,96,16,155,0,832,0,0,0,64
"NBA","Drew Gooden","LAC","C",70,1755,288,602,1,8,186,216,207,542,47,41,108,58,194,4,763,1,0,0,33
"NBA","Ben Gordon","DET","SG",62,1726,291,699,75,234,198,230,26,119,166,49,118,6,147,1,855,4,0,0,17
"NBA","Eric Gordon","LAC","SG",62,2231,352,784,119,321,222,299,25,160,186,70,144,14,96,0,1045,0,0,0,60
"NBA","Marcin Gortat","ORL","C",81,1090,121,227,0,3,51,75,104,341,17,17,46,70,138,1,293,0,0,0,0
"NBA","Joey Graham","DEN","SG",62,764,105,202,2,13,54,73,39,123,22,23,43,7,104,0,266,0,0,0,18
"NBA","Stephen Graham","CHA","SF",69,806,119,240,16,50,42,65,24,135,23,20,37,10,94,0,296,1,0,0,8
"NBA","Danny Granger","IND","SF",62,2277,488,1139,158,438,363,428,67,342,171,94,157,51,183,3,1497,4,0,0,62
"NBA","Aaron Gray","NOR","C",32,307,42,82,0,0,20,28,45,106,22,9,18,11,54,0,104,0,0,0,0
"NBA","Daniel Green","CLE","SG",20,116,15,39,6,22,4,6,8,17,5,6,5,3,9,0,40,0,0,0,0
"NBA","Jeff Green","OKL","SF",82,3038,485,1069,104,312,165,223,112,490,134,104,135,72,221,3,1239,1,0,0,82
"NBA","Willie Green","PHI","SG",73,1553,248,543,47,136,95,114,20,129,151,32,67,11,135,0,638,0,0,0,18
"NBA","Donte Greene","SAC","SF",76,1628,244,552,69,183,90,140,53,234,71,40,93,54,150,2,647,2,0,0,50
"NBA","Taylor Griffin","PHO","SF",8,33,4,10,0,2,2,4,0,2,1,0,1,2,4,0,10,0,0,0,0
"NBA","Hamed Haddadi","MEM","C",36,244,24,62,0,3,14,19,26,75,10,1,20,14,57,0,62,0,0,0,0
"NBA","Malik Hairston","SAN","SG",47,317,40,76,2,11,17,30,13,49,16,4,11,9,29,0,99,0,0,0,0
"NBA","Marcus Haislip","SAN","PF",10,42,10,21,3,5,2,5,4,10,0,0,3,2,5,0,25,0,0,0,0
"NBA","Richard Hamilton","DET","SG",46,1551,293,717,41,138,204,241,30,122,202,30,116,3,115,0,831,10,0,0,46
"NBA","Tyler Hansbrough","IND","PF",29,510,81,225,0,4,84,113,60,138,28,17,21,8,70,0,246,1,0,0,1
"NBA","James Harden","OKL","SG",76,1736,233,578,93,248,194,240,47,244,138,80,106,20,200,1,753,0,0,0,0
"NBA","Al Harrington","NYK","PF",72,2192,448,1030,140,409,240,317,88,405,110,62,132,25,209,1,1276,3,0,0,15
"NBA","Devin Harris","NJN","PG",64,2219,356,884,60,217,308,386,24,203,423,78,181,18,178,0,1080,2,0,0,61
"NBA","Mike Harris","WAS","SF",13,94,11,30,0,1,7,11,10,24,3,5,9,1,14,0,29,0,0,0,0
"NBA","Jason Hart","NOR","PG",5,23,1,2,0,0,0,0,0,2,6,2,3,1,4,0,2,0,0,0,0
"NBA","Udonis Haslem","MIA","PF",78,2183,312,632,0,0,147,193,167,629,52,30,75,23,174,0,771,0,0,0,0
"NBA","Trenton Hassell","NJN","SF",52,1109,90,218,0,5,52,69,55,151,50,17,47,9,91,0,232,0,0,0,31
"NBA","Spencer Hawes","SAC","C",72,1900,312,666,26,87,73,106,145,436,158,33,131,82,200,1,723,4,0,0,59
"NBA","Chuck Hayes","HOU","C",82,1776,161,329,0,0,36,66,151,465,139,73,74,43,219,3,358,0,0,0,82
"NBA","Jarvis Hayes","NJN","SF",45,1032,138,328,60,179,14,18,9,108,40,29,28,9,91,0,350,0,0,0,19
"NBA","Brendan Haywood","DAL","C",77,2355,276,491,0,1,152,245,278,715,43,26,99,158,209,2,704,1,0,0,67
"NBA","Luther Head","IND","PG",47,815,136,311,37,105,48,58,6,80,72,18,55,9,53,0,357,1,0,0,10
"NBA","Gerald Henderson","CHA","SG",43,358,37,104,4,19,35,47,15,55,13,10,14,9,25,0,113,0,0,0,0
"NBA","Roy Hibbert","IND","C",81,2034,387,782,3,6,169,224,177,464,158,30,145,131,285,5,946,3,0,0,69
"NBA","J.j. Hickson","CLE","PF",81,1691,289,522,0,1,111,163,110,400,40,36,92,39,132,1,689,1,0,0,73
"NBA","Nene Hilario","DEN","C",82,2759,421,717,0,2,293,416,166,627,203,115,125,82,281,7,1135,2,0,0,82
"NBA","George Hill","SAN","PG",78,2276,353,738,75,188,183,237,42,205,226,69,101,25,222,4,964,1,0,0,43
"NBA","Grant Hill","PHO","SF",81,2427,336,703,35,80,205,251,74,445,193,60,108,36,165,2,912,2,0,0,81
"NBA","Jordan Hill","HOU","PF",47,623,99,201,0,2,46,68,76,175,20,14,30,21,92,0,244,0,0,0,0
"NBA","Kirk Hinrich","CHI","PG",74,2479,308,753,104,280,85,113,24,261,330,85,115,23,204,1,805,8,0,0,53
"NBA","Jrue Holiday","PHI","PG",73,1772,230,519,62,159,65,86,55,190,280,79,155,18,153,0,587,0,0,0,51
"NBA","Ryan Hollins","MIN","C",73,1225,169,303,0,1,109,158,79,208,51,19,95,38,199,3,447,4,0,0,27
"NBA","Al Horford","ATL","C",81,2845,467,847,1,1,213,270,236,799,189,59,122,91,225,1,1148,2,0,0,81
"NBA","Eddie House","NYK","PG",68,1217,173,455,79,227,48,52,13,109,85,40,47,7,81,0,473,1,0,0,0
"NBA","Dwight Howard","ORL","C",82,2843,510,834,0,7,483,816,284,1081,144,75,274,227,287,4,1503,17,0,0,82
"NBA","Josh Howard","WAS","SF",35,913,157,388,23,86,109,139,30,125,48,26,46,11,91,0,446,3,0,0,12
"NBA","Juwan Howard","POR","PF",73,1633,191,375,0,1,55,70,108,335,61,27,72,10,191,1,437,4,0,0,27
"NBA","Lester Hudson","MEM","PG",25,134,21,53,5,16,11,13,7,17,13,8,14,3,12,0,58,0,0,0,0
"NBA","Larry Hughes","CHA","SG",45,1110,137,386,43,139,94,113,23,142,137,52,75,15,70,0,411,0,0,0,16
"NBA","Kris Humphries","NJN","SF",69,1223,180,408,0,1,127,190,120,378,32,36,66,48,145,0,487,0,0,0,0
"NBA","Chris Hunter","GSW","C",60,782,109,217,0,4,52,69,56,167,37,13,30,35,132,3,270,0,0,0,9
"NBA","Lindsey Hunter","CHI","SG",13,122,5,30,1,13,2,2,1,14,9,1,4,0,12,0,13,0,0,0,0
"NBA","Othello Hunter","ATL","SF",7,34,4,12,0,0,3,4,6,12,0,0,3,1,5,0,11,0,0,0,0
"NBA","Steven Hunter","MEM","PF",21,159,17,43,0,0,19,36,18,42,0,1,9,10,10,0,53,1,0,0,0
"NBA","Serge Ibaka","OKL","C",73,1320,201,370,1,2,58,92,138,397,10,25,68,97,194,3,461,3,0,0,0
"NBA","Andre Iguodala","PHI","SG",82,3188,496,1120,94,304,315,430,82,529,472,141,218,55,145,0,1401,2,0,0,82
"NBA","Zydrun Ilgauskas","CLE","C",64,1337,194,438,11,23,75,101,115,346,48,14,64,50,183,1,474,4,0,0,6
"NBA","Ersan Ilyasova","MIL","PF",81,1896,323,729,81,241,113,158,157,517,84,53,71,23,251,3,840,0,0,0,31
"NBA","Allen Iverson","PHI","PG",28,864,136,316,9,25,104,131,16,79,113,19,64,2,48,0,385,1,0,0,24
"NBA","Royal Ivey","MIL","PG",44,332,35,83,14,35,9,12,6,34,27,18,11,2,39,0,93,0,0,0,0
"NBA","Jarrett Jack","TOR","PG",82,2244,323,671,82,199,203,241,30,222,413,60,163,6,151,0,931,1,0,0,43
"NBA","Cedric Jackson","SAN","PG",12,74,6,20,1,6,7,12,2,8,14,3,11,2,7,0,20,0,0,0,0
"NBA","Darnell Jackson","MIL","PF",28,125,9,30,1,4,4,6,9,22,4,2,13,4,21,0,23,0,0,0,0
"NBA","Stephen Jackson","CHA","SF",81,3129,600,1418,129,393,338,434,78,400,300,132,259,43,197,1,1667,13,0,0,81
"NBA","Lebron James","CLE","SF",76,2967,768,1528,129,387,593,773,71,554,651,124,261,76,119,0,2258,5,0,0,76
"NBA","Mike James","WAS","PG",4,46,6,20,2,6,4,8,1,3,5,3,5,0,3,0,18,0,0,0,0
"NBA","Antawn Jamison","CLE","PF",66,2407,478,1036,85,247,194,300,136,555,84,71,91,21,179,1,1235,3,0,0,64
"NBA","Nathan Jawai","MIN","PF",39,412,49,111,0,1,26,38,49,104,24,10,27,9,58,0,124,0,0,0,2
"NBA","Othyus Jeffers","UTA","SF",14,72,12,29,0,0,13,19,8,19,1,4,6,0,10,0,37,0,0,0,0
"NBA","Al Jefferson","MIN","C",76,2468,560,1125,0,4,181,266,180,703,137,63,136,99,205,1,1301,0,0,0,76
"NBA","Richar Jefferson","SAN","SF",81,2523,362,775,59,187,211,287,58,356,158,45,105,40,178,0,994,2,0,0,70
"NBA","Jared Jeffries","HOU","PF",70,1795,138,314,21,71,75,120,130,288,101,62,76,71,203,2,372,1,0,0,37
"NBA","Brandon Jennings","MIL","PG",82,2670,450,1215,145,388,223,273,49,282,470,105,199,18,191,0,1268,2,0,0,82
"NBA","Jonas Jerebko","DET","PF",80,2230,290,603,36,115,125,176,194,478,58,79,83,29,230,4,741,1,0,0,73
"NBA","Yi Jianlian","NJN","PF",52,1656,227,563,15,41,154,193,115,371,47,37,77,52,170,0,623,1,0,0,51
"NBA","Amir Johnson","TOR","PF",82,1464,208,334,0,4,95,149,154,394,48,44,63,66,255,1,511,1,0,0,5
"NBA","Anthony Johnson","ORL","PG",31,405,49,111,13,39,19,20,8,48,63,11,26,1,32,0,130,1,0,0,0
"NBA","James Johnson","CHI","PF",65,755,95,210,15,46,51,70,34,128,48,21,61,43,126,3,256,1,0,0,11
"NBA","Joe Johnson","ATL","SG",76,2881,635,1386,129,350,220,269,74,353,369,82,145,5,145,0,1619,1,0,0,76
"NBA","Dahntay Jones","IND","SG",76,1891,287,623,4,32,198,257,48,229,150,40,128,39,237,1,776,1,0,0,26
"NBA","Dwayne Jones","PHO","C",2,7,0,0,0,0,0,0,0,2,0,0,0,0,1,0,0,0,0,0,0
"NBA","James Jones","MIA","SF",36,507,43,119,37,90,23,28,4,45,17,11,11,4,45,1,146,0,0,0,6
"NBA","Solomon Jones","IND","PF",52,673,78,176,0,3,51,71,51,144,32,14,40,37,125,3,207,2,0,0,2
"NBA","Deandre Jordan","LAC","C",70,1139,144,238,0,2,48,128,122,351,21,16,75,62,152,1,336,1,0,0,12
"NBA","Chris Kaman","LAC","C",76,2608,589,1202,0,6,230,307,184,704,120,37,223,94,213,1,1408,12,0,0,76
"NBA","Jason Kapono","PHI","SF",57,976,126,301,63,171,9,15,14,66,39,21,34,6,80,0,324,0,0,0,12
"NBA","Coby Karl","GSW","SF",7,114,11,32,2,11,4,6,4,18,15,3,10,1,14,1,28,0,0,0,1
"NBA","Jason Kidd","DAL","PG",80,2883,284,671,176,414,80,99,48,445,724,145,195,35,142,0,824,2,0,0,80
"NBA","Andrei Kirilenko","UTA","SF",58,1683,244,482,26,89,174,234,76,264,157,83,79,71,102,0,688,0,0,0,35
"NBA","Kyle Korver","UTA","SG",52,950,138,280,59,110,39,49,10,111,89,26,42,12,76,0,374,1,0,0,0
"NBA","Kosta Koufos","UTA","C",36,174,22,47,0,0,9,15,16,45,6,2,15,4,26,0,53,0,0,0,0
"NBA","Nenad Krstic","OKL","C",76,1741,281,560,1,5,76,106,134,383,52,32,58,45,177,2,639,0,0,0,76
"NBA","Oliver Lafayette","BOS","PG",1,22,3,6,1,2,0,0,1,4,2,0,1,0,0,0,7,0,0,0,0
"NBA","Carl Landry","SAC","PF",80,2465,499,931,1,3,344,427,188,468,66,54,136,63,234,2,1343,3,0,0,30
"NBA","Marcus Landry","BOS","SF",18,110,16,43,9,28,3,5,5,19,0,1,6,2,14,0,44,0,0,0,0
"NBA","Acie Law","CHI","PG",26,233,35,75,5,16,38,49,3,17,26,11,17,1,16,0,113,0,0,0,1
"NBA","Ty Lawson","DEN","PG",65,1318,201,390,34,83,106,140,42,124,203,48,82,2,89,0,542,0,0,0,8
"NBA","Courtney Lee","NJN","SG",71,2373,338,775,76,225,133,153,60,253,121,93,76,21,130,0,885,1,0,0,66
"NBA","David Lee","NYK","C",81,3018,686,1258,0,8,268,330,228,948,295,86,189,39,257,0,1640,2,0,0,81
"NBA","Rashard Lewis","ORL","PF",72,2365,350,805,168,423,145,180,62,318,107,78,108,28,180,1,1013,3,0,0,72
"NBA","Shaun Livingston","WAS","PG",36,795,104,201,0,6,42,48,16,78,128,17,58,11,61,0,250,0,0,0,18
"NBA","Brook Lopez","NJN","C",82,3026,563,1128,0,2,416,509,270,708,187,55,204,139,251,2,1542,1,0,0,82
"NBA","Robin Lopez","PHO","C",51,984,171,292,0,0,88,125,104,249,7,10,41,53,117,1,430,1,0,0,31
"NBA","Kevin Love","MIN","PF",60,1719,291,646,35,106,225,276,227,659,136,43,117,24,136,0,842,0,0,0,22
"NBA","Kyle Lowry","HOU","PG",68,1652,184,464,37,136,215,260,91,247,305,60,116,9,173,0,620,2,0,0,0
"NBA","Corey Maggette","GSW","SF",70,2079,457,886,13,50,460,551,91,372,172,53,167,4,231,3,1387,7,0,0,49
"NBA","Jamaal Magloire","MIA","C",36,358,28,56,0,0,21,59,41,121,1,9,17,11,59,0,77,1,0,0,0
"NBA","Ian Mahinmi","SAN","C",26,166,35,55,0,0,31,47,13,52,2,3,15,8,32,1,101,0,0,0,0
"NBA","Shawn Marion","DAL","SF",75,2385,395,778,3,19,105,139,158,477,107,69,99,61,141,1,898,0,0,0,75
"NBA","Sean Marks","NOR","PF",14,73,4,8,0,0,2,5,14,23,2,0,2,3,17,0,10,0,0,0,0
"NBA","Cartier Martin","WAS","SG",18,391,50,136,17,49,24,30,25,68,16,11,19,1,48,0,141,0,0,0,2
"NBA","Kenyon Martin","DEN","PF",58,1983,283,620,8,29,93,167,142,546,109,72,91,61,186,2,667,7,0,0,58
"NBA","Kevin Martin","HOU","SG",46,1631,289,693,70,210,298,340,29,164,111,46,92,6,96,0,946,0,0,0,43
"NBA","Desmond Mason","SAC","SG",5,66,5,12,0,0,3,4,4,13,2,1,4,1,5,0,13,0,0,0,4
"NBA","Roger Mason","SAN","SG",79,1514,193,496,88,264,27,34,11,162,137,30,59,14,99,0,501,1,0,0,5
"NBA","Wes Matthews","UTA","SG",82,2022,273,565,63,165,160,193,50,191,124,63,93,15,152,0,769,0,0,0,49
"NBA","Jason Maxiell","DET","PF",76,1548,212,415,0,1,89,155,161,401,39,36,68,38,175,0,513,2,0,0,29
"NBA","Sean May","SAC","PF",37,330,51,111,0,4,21,32,20,70,17,12,19,7,46,0,123,0,0,0,4
"NBA","Eric Maynor","OKL","PG",81,1268,154,368,22,71,52,72,21,129,266,39,85,10,115,0,382,0,0,0,2
"NBA","O.j. Mayo","MEM","SG",82,3115,542,1183,136,355,212,262,61,311,243,98,176,17,175,2,1432,7,0,0,82
"NBA","Luc Mbah_a_moute","MIL","SF",73,1866,177,369,6,17,93,133,171,400,81,60,70,39,181,1,453,1,0,0,62
"NBA","D.j. Mbenga","LAL","C",49,357,48,103,0,0,9,19,32,87,8,5,15,29,54,0,105,0,0,0,2
"NBA","Antonio Mcdyess","SAN","C",77,1615,205,428,0,2,36,57,149,455,83,43,79,32,147,0,446,1,0,0,49
"NBA","Javale Mcgee","WAS","C",59,966,156,307,0,1,74,116,88,243,14,16,51,102,122,2,386,1,0,0,19
"NBA","Tracy Mcgrady","NYK","SG",30,673,91,235,16,64,47,63,22,94,99,15,44,14,40,0,245,1,0,0,24
"NBA","Dominic Mcguire","SAC","SF",51,313,19,52,0,0,0,7,23,79,11,5,17,4,35,0,38,0,0,0,2
"NBA","Josh Mcroberts","IND","PF",42,526,76,146,8,23,19,38,40,127,44,17,19,16,74,2,179,1,0,0,3
"NBA","Jodie Meeks","PHI","SG",60,721,104,268,42,132,31,39,9,99,39,18,25,5,52,0,281,0,0,0,0
"NBA","Pop Mensah-bonsu","TOR","C",20,118,13,33,0,0,13,24,16,35,3,4,10,9,20,0,39,0,0,0,0
"NBA","C.j. Miles","UTA","SF",63,1497,241,562,74,217,66,95,42,168,105,59,81,17,190,2,622,0,0,0,26
"NBA","Darko Milicic","MIN","C",32,686,100,204,0,1,15,28,47,151,47,22,35,34,82,1,215,1,0,0,18
"NBA","Andre Miller","POR","PG",82,2497,404,908,16,80,322,392,81,266,445,93,173,9,169,1,1146,4,0,0,66
"NBA","Brad Miller","CHI","C",82,1954,250,581,37,132,182,220,83,398,154,44,107,29,189,1,719,6,0,0,37
"NBA","Mike Miller","WAS","SG",54,1803,217,433,82,171,70,85,55,336,213,40,116,12,131,1,586,3,0,0,50
"NBA","Patrick Mills","POR","PG",10,39,10,24,2,4,4,7,1,2,5,0,4,0,6,0,26,0,0,0,0
"NBA","Paul Millsap","UTA","PF",82,2275,385,716,1,9,183,264,186,559,131,64,116,99,285,7,954,2,0,0,10
"NBA","Nazr Mohammed","CHA","C",58,987,189,342,0,0,81,125,114,304,28,15,53,43,105,0,459,0,0,0,29
"NBA","Jamario Moon","CLE","SF",61,1051,114,247,32,100,36,45,26,190,49,34,23,30,69,0,296,0,0,0,2
"NBA","Mikki Moore","GSW","PF",23,404,54,90,0,0,7,11,26,70,36,4,21,13,60,0,115,0,0,0,20
"NBA","Randolph Morris","ATL","C",28,127,23,41,0,0,16,27,10,38,2,5,12,3,34,2,62,0,0,0,0
"NBA","Adam Morrison","LAL","SF",31,242,32,85,5,21,5,8,10,32,18,3,10,2,17,0,74,0,0,0,0
"NBA","Anthony Morrow","GSW","SG",69,2019,329,703,140,307,101,114,61,259,104,65,84,16,158,0,899,2,0,0,37
"NBA","B.j. Mullens","OKL","C",13,56,7,19,0,0,0,0,3,10,1,2,4,0,13,0,14,0,0,0,0
"NBA","Troy Murphy","IND","PF",72,2345,384,813,128,333,154,193,129,736,150,72,100,34,175,1,1050,2,0,0,69
"NBA","Ronald Murray","CHI","SG",75,1673,268,683,69,221,140,192,28,183,136,46,91,16,126,0,745,1,0,0,2
"NBA","Eduardo Najera","DAL","PF",46,687,62,146,19,64,14,24,34,115,29,26,25,14,94,0,157,3,0,0,5
"NBA","Steve Nash","PHO","PG",81,2662,499,985,124,291,211,225,34,268,892,42,295,12,108,0,1333,4,0,0,81
"NBA","Jameer Nelson","ORL","PG",65,1857,317,706,86,226,98,116,26,194,353,48,139,2,147,0,818,1,0,0,64
"NBA","Rasho Nesterovic","TOR","C",42,411,81,149,0,0,1,5,37,89,25,10,16,17,54,0,163,1,0,0,8
"NBA","Joakim Noah","CHI","C",64,1922,262,520,0,0,163,219,220,705,132,32,117,101,198,1,687,8,0,0,54
"NBA","Andres Nocioni","SAC","SF",75,1475,234,587,96,249,71,99,32,222,75,32,67,26,160,1,635,5,0,0,28
"NBA","Steve Novak","LAC","SF",54,375,42,108,22,71,7,9,1,33,6,7,2,2,21,0,113,1,0,0,0
"NBA","Dirk Nowitzki","DAL","PF",81,3041,720,1496,51,121,536,586,80,620,218,70,149,79,208,1,2027,9,0,0,80
"NBA","Patrick O'bryant","TOR","C",11,49,8,15,0,1,3,6,2,11,1,2,5,4,12,0,19,0,0,0,0
"NBA","Jermaine O'neal","MIA","C",70,1990,394,745,0,2,162,225,124,486,92,25,125,95,212,2,950,9,0,0,70
"NBA","Shaquille O'neal","CLE","C",53,1238,262,463,0,1,112,226,93,353,80,16,105,62,169,0,636,4,0,0,53
"NBA","Fabricio Oberto","WAS","C",57,652,35,56,0,0,13,17,34,105,51,10,36,9,121,1,83,0,0,0,20
"NBA","Greg Oden","POR","C",21,501,92,152,0,0,49,64,64,178,19,8,39,48,84,1,233,0,0,0,21
"NBA","Lamar Odom","LAL","PF",82,2585,342,739,58,182,140,202,184,802,268,75,151,59,227,1,882,8,0,0,38
"NBA","Emeka Okafor","NOR","C",82,2367,348,655,0,0,154,274,249,740,55,54,111,126,218,1,850,0,0,0,82
"NBA","Mehmet Okur","UTA","C",73,2151,355,775,82,213,196,239,132,515,119,38,127,81,223,1,988,5,0,0,73
"NBA","Kevin Ollie","OKL","PG",25,265,18,45,0,1,8,8,3,25,20,9,6,0,16,0,44,0,0,0,0
"NBA","Travis Outlaw","LAC","SF",34,733,110,281,40,105,49,59,33,121,34,18,32,17,43,0,309,1,0,0,6
"NBA","Zaza Pachulia","ATL","C",78,1091,120,246,0,4,93,143,117,293,42,37,58,30,186,2,333,1,0,0,1
"NBA","Jannero Pargo","CHI","PG",63,827,132,381,38,138,42,45,9,79,89,29,50,2,68,0,344,1,0,0,5
"NBA","Anthony Parker","CLE","SG",81,2285,206,475,108,261,75,95,30,231,157,63,71,18,151,0,595,1,0,0,81
"NBA","Tony Parker","SAN","PG",56,1729,349,716,10,34,186,246,7,135,317,29,149,8,96,0,894,1,0,0,50
"NBA","Chris Paul","NOR","PG",45,1713,314,637,52,127,161,190,20,191,480,96,112,8,118,2,841,4,0,0,45
"NBA","Sasha Pavlovic","MIN","SG",71,875,109,300,35,118,10,26,12,117,58,23,53,6,84,1,263,0,0,0,0
"NBA","Oleksiy Pecherov","MIN","PF",44,446,77,188,14,52,29,32,32,124,11,9,32,14,55,0,197,0,0,0,5
"NBA","Jeff Pendergraph","POR","PF",39,406,43,65,0,0,18,20,25,98,1,7,12,16,76,0,104,2,0,0,4
"NBA","Kendrick Perkins","BOS","C",78,2153,314,521,0,3,163,280,155,595,80,26,166,132,219,1,791,16,0,0,78
"NBA","Morris Peterson","NOR","SG",46,976,116,301,62,171,33,54,17,126,42,25,27,5,81,0,327,0,0,0,39
"NBA","Johan Petro","DEN","C",36,433,54,101,0,1,14,21,32,129,14,10,23,13,80,0,122,0,0,0,16
"NBA","Paul Pierce","BOS","SF",71,2409,409,867,109,263,369,433,39,310,218,84,166,31,196,1,1296,5,0,0,71
"NBA","Mickael Pietrus","ORL","SF",75,1685,233,539,116,306,69,109,39,215,49,53,69,31,138,0,651,1,0,0,24
"NBA","James Posey","NOR","SF",77,1732,126,345,81,242,66,80,32,329,117,42,51,19,204,1,399,2,0,0,2
"NBA","Leon Powe","CLE","PF",20,236,21,49,0,0,37,63,19,61,0,6,11,2,36,0,79,0,0,0,2
"NBA","Josh Powell","LAL","PF",63,584,71,194,7,16,20,31,44,116,35,9,33,6,71,0,169,0,0,0,0
"NBA","A.j. Price","IND","PG",56,863,145,354,60,174,60,75,12,88,106,35,59,3,53,0,410,1,0,0,2
"NBA","Ronnie Price","UTA","PG",60,810,98,242,18,63,41,59,28,74,123,40,56,13,109,0,255,2,0,0,4
"NBA","Tayshaun Prince","DET","SF",49,1665,282,580,27,73,70,98,71,248,161,34,60,22,77,0,661,0,0,0,49
"NBA","Joel Przybilla","POR","C",30,682,45,86,0,0,33,51,72,238,8,8,39,43,95,2,123,1,0,0,9
"NBA","Chris Quinn","NJN","PG",25,225,20,56,10,32,6,6,1,16,29,9,10,1,15,0,56,0,0,0,0
"NBA","Vladi Radmanovic","GSW","SF",41,890,103,273,30,108,20,27,51,178,45,29,44,7,97,0,256,1,0,0,20
"NBA","Anthony Randolph","GSW","SF",33,748,137,309,1,5,109,136,73,215,42,28,49,51,92,0,384,2,0,0,8
"NBA","Shavlik Randolph","POR","PF",6,53,6,18,0,0,2,2,7,14,1,1,3,1,9,0,14,0,0,0,0
"NBA","Zach Randolph","MEM","PF",81,3052,652,1336,15,52,362,465,330,951,148,80,174,34,226,3,1681,5,0,0,81
"NBA","Theo Ratliff","CHA","C",49,807,70,152,0,0,38,50,59,157,25,12,41,61,87,1,178,1,0,0,28
"NBA","Michael Redd","MIL","SG",18,494,75,213,18,60,47,66,11,54,39,19,15,2,24,0,215,0,0,0,12
"NBA","J.j. Redick","ORL","SG",82,1810,243,553,111,274,191,222,17,155,158,28,63,4,118,0,788,4,0,0,9
"NBA","Chris Richard","CHI","PF",18,222,15,29,0,0,7,11,19,59,7,8,14,4,50,2,37,1,0,0,0
"NBA","Jason Richardson","PHO","SG",79,2488,473,998,157,400,136,184,81,404,143,66,92,33,169,0,1239,2,0,0,76
"NBA","Quent Richardson","MIA","SG",76,2080,242,561,142,358,52,71,64,374,93,71,62,18,169,0,678,5,0,0,75
"NBA","Luke Ridnour","MIL","PG",82,1759,328,686,69,181,127,140,24,143,324,54,107,7,182,0,852,0,0,0,0
"NBA","Nate Robinson","BOS","PG",56,1119,215,493,87,223,50,67,28,110,163,49,73,5,116,1,567,2,0,0,2
"NBA","Sergio Rodriguez","NYK","PG",66,1051,167,351,32,91,68,93,24,89,211,50,114,5,84,0,434,0,0,0,8
"NBA","Rajon Rondo","BOS","PG",81,2964,459,904,17,80,175,282,100,360,794,188,246,11,198,0,1110,4,0,0,81
"NBA","Derrick Rose","CHI","PG",78,2872,672,1373,16,60,259,338,65,293,469,57,217,27,96,1,1619,0,0,0,78
"NBA","Quinton Ross","WAS","SG",52,563,40,111,4,21,8,14,17,49,12,13,11,6,69,1,92,0,0,0,7
"NBA","Brandon Roy","POR","SG",65,2416,491,1038,73,221,343,440,73,285,306,61,129,16,136,0,1398,2,0,0,65
"NBA","Brandon Rush","IND","SG",82,2489,297,702,124,302,56,89,41,346,112,56,93,66,159,0,774,0,0,0,64
"NBA","Kareem Rush","LAC","SG",7,57,4,11,1,3,0,0,1,6,4,2,3,3,8,0,9,0,0,0,0
"NBA","John Salmons","MIL","SG",81,2823,437,992,118,309,253,305,35,270,223,99,123,26,166,1,1245,2,0,0,56
"NBA","Brian Scalabrine","BOS","PF",52,473,29,85,16,49,4,6,9,49,27,9,17,4,59,1,78,0,0,0,3
"NBA","Luis Scola","HOU","PF",82,2672,560,1090,1,5,208,267,175,705,169,63,163,26,246,2,1329,1,0,0,81
"NBA","Thabo Sefolosha","OKL","SG",82,2346,194,442,41,131,60,89,76,387,145,97,90,46,154,1,489,0,0,0,82
"NBA","Ramon Sessions","MIN","PG",82,1732,253,555,1,15,167,233,58,213,258,55,137,5,137,0,674,0,0,0,1
"NBA","Bobby Simmons","NJN","SF",23,394,42,117,20,63,18,20,11,63,15,14,19,3,52,0,122,1,0,0,2
"NBA","James Singleton","WAS","SG",57,981,97,254,7,37,53,62,108,276,31,28,49,42,113,1,254,2,0,0,3
"NBA","Brian Skinner","LAC","PF",16,124,10,25,0,0,6,8,9,27,0,3,7,4,20,0,26,0,0,0,1
"NBA","Craig Smith","LAC","PF",75,1230,226,397,1,5,132,208,97,287,84,33,88,25,194,0,585,0,0,0,2
"NBA","J.r. Smith","DEN","SG",75,2079,428,1033,158,467,142,201,28,234,183,99,139,21,174,1,1156,5,0,0,0
"NBA","Jason Smith","PHI","PF",56,660,75,174,10,29,29,42,54,135,33,21,35,28,110,1,189,0,0,0,2
"NBA","Joe Smith","ATL","PF",64,592,77,193,1,7,39,48,66,157,21,6,22,19,95,0,194,4,0,0,1
"NBA","Josh Smith","ATL","PF",81,2873,504,999,0,7,261,422,223,705,343,130,198,173,240,1,1269,10,0,0,81
"NBA","Darius Songaila","NOR","PF",75,1407,241,488,1,6,60,74,59,232,71,62,81,14,206,1,543,1,0,0,1
"NBA","Marrees Speights","PHI","PF",62,1017,212,444,0,5,108,145,85,252,36,29,51,34,152,2,532,3,0,0,1
"NBA","Jerry Stackhouse","MIL","SF",42,854,129,316,45,130,55,69,19,100,70,21,66,9,56,0,358,2,0,0,0
"NBA","Deshaw Stevenson","DAL","SG",64,886,46,163,19,87,25,35,11,91,56,16,30,6,74,0,136,2,0,0,18
"NBA","Peja Stojakovic","NOR","SF",62,1945,278,688,132,352,96,107,39,227,92,48,56,5,83,0,784,1,0,0,55
"NBA","Amare Stoudemire","PHO","PF",82,2835,704,1264,1,6,487,632,230,732,82,52,213,83,281,2,1896,13,0,0,82
"NBA","Rodney Stuckey","DET","PG",73,2499,449,1109,18,79,299,359,67,281,348,101,163,12,205,2,1215,2,0,0,67
"NBA","Dajuan Summers","DET","SF",44,410,46,130,15,42,27,38,14,45,16,9,16,7,52,0,134,0,0,0,0
"NBA","Jermaine Taylor","HOU","PG",31,302,45,119,5,22,33,46,21,46,16,10,19,3,15,0,128,0,0,0,4
"NBA","Jeff Teague","ATL","PG",71,718,90,227,7,32,41,49,5,67,122,34,50,11,82,0,228,0,0,0,3
"NBA","Sebastia Telfair","CLE","PG",43,660,83,201,13,56,29,37,5,45,126,24,50,5,71,0,208,1,0,0,1
"NBA","Garrett Temple","SAN","SG",27,333,44,101,13,37,35,50,6,31,21,13,27,6,42,1,136,0,0,0,4
"NBA","Jason Terry","DAL","SG",77,2537,456,1041,136,373,232,268,19,140,292,94,109,17,142,0,1280,5,0,0,12
"NBA","Hasheem Thabeet","MEM","C",68,882,77,131,0,0,54,93,85,243,11,15,43,89,162,1,208,1,0,0,13
"NBA","Etan Thomas","OKL","C",23,319,31,68,0,0,13,22,18,64,1,4,18,16,39,0,75,0,0,0,1
"NBA","Kenny Thomas","SAC","PF",26,314,17,35,0,0,7,12,35,86,15,10,17,10,42,0,41,0,0,0,2
"NBA","Kurt Thomas","MIL","C",70,1052,100,209,0,0,12,15,84,291,47,26,48,46,159,1,212,1,0,0,9
"NBA","Tim Thomas","DAL","PF",18,283,49,106,16,43,21,24,13,41,14,10,14,2,31,1,135,1,0,0,1
"NBA","Tyrus Thomas","CHA","PF",54,1221,194,420,0,3,120,175,81,335,56,63,93,85,129,2,508,4,0,0,3
"NBA","Jason Thompson","SAC","PF",75,2355,370,784,1,10,198,277,224,637,124,41,139,74,279,7,939,2,0,0,58
"NBA","Al Thornton","WAS","SF",75,2078,320,676,11,31,153,210,116,294,90,45,103,35,206,7,804,1,0,0,46
"NBA","Marcus Thornton","NOR","SG",73,1873,398,883,117,313,144,177,72,211,113,58,76,11,127,0,1057,1,0,0,17
"NBA","Jamaal Tinsley","MEM","PG",38,589,52,140,7,39,22,27,11,66,108,32,63,5,67,0,133,0,0,0,1
"NBA","Anthony Tolliver","GSW","PF",46,1430,193,449,50,152,103,134,84,320,87,32,46,33,128,1,539,0,0,0,29
"NBA","Alando Tucker","MIN","SF",15,95,17,39,1,7,16,21,6,10,4,0,5,0,6,0,51,0,0,0,0
"NBA","Ronny Turiaf","GSW","C",42,871,85,146,0,1,37,78,54,191,90,23,49,54,98,1,207,2,0,0,20
"NBA","Hedo Turkoglu","TOR","SF",74,2270,276,674,108,289,175,226,42,343,304,55,125,32,220,3,835,3,0,0,69
"NBA","Ime Udoka","SAC","SF",69,946,91,241,26,91,42,57,51,191,58,34,42,6,83,0,250,0,0,0,2
"NBA","Beno Udrih","SAC","PG",79,2474,415,841,75,199,118,141,38,218,372,92,136,10,166,0,1023,0,0,0,41
"NBA","Roko Ukic","MIL","PG",13,96,14,30,3,12,9,11,0,3,12,1,6,0,6,0,40,0,0,0,0
"NBA","Anderson Varejao","CLE","PF",76,2163,267,467,1,5,116,175,189,579,87,71,67,67,223,2,651,6,0,0,7
"NBA","Charl Villanueva","DET","PF",78,1847,363,827,99,282,106,130,85,365,53,48,74,55,223,2,931,1,0,0,16
"NBA","Sasha Vujacic","LAL","SG",67,577,66,164,25,81,28,33,25,79,41,20,17,4,67,0,185,1,0,0,1
"NBA","Dwyane Wade","MIA","SG",77,2793,719,1511,73,243,534,702,106,372,501,141,252,82,181,0,2045,9,0,0,77
"NBA","Bill Walker","NYK","PF",35,767,120,232,50,116,39,49,15,88,40,23,28,3,83,1,329,2,0,0,13
"NBA","Ben Wallace","DET","C",69,1972,158,292,0,2,65,160,245,597,105,86,64,84,131,0,381,4,0,0,67
"NBA","Gerald Wallace","CHA","SF",76,3118,456,943,52,140,422,544,150,762,161,117,178,84,194,1,1386,6,0,0,76
"NBA","Rasheed Wallace","BOS","C",79,1784,266,650,82,290,96,125,42,326,80,80,63,70,222,2,710,17,0,0,13
"NBA","Luke Walton","LAL","SF",29,271,30,84,7,17,2,4,12,38,40,10,12,1,19,0,69,0,0,0,0
"NBA","Hakim Warrick","CHI","PF",76,1555,265,550,1,7,202,274,127,314,52,24,80,18,126,0,733,3,0,0,6
"NBA","C.j. Watson","GSW","PG",65,1786,247,528,45,145,128,166,28,169,180,103,69,8,124,2,667,1,0,0,15
"NBA","Earl Watson","IND","PG",79,2318,223,524,53,184,120,169,54,241,399,104,175,16,181,0,619,1,0,0,52
"NBA","Kyle Weaver","OKL","SG",12,145,12,33,7,19,5,6,1,18,11,6,4,6,13,0,36,0,0,0,0
"NBA","Martell Webster","POR","SG",82,2005,259,639,124,332,126,155,47,268,62,45,60,40,153,1,768,0,0,0,49
"NBA","Sonny Weems","TOR","SG",69,1367,236,458,2,15,44,64,42,192,101,39,65,25,126,1,518,1,0,0,19
"NBA","David West","NOR","PF",81,2948,619,1226,7,27,296,342,164,605,239,76,173,60,233,0,1541,3,0,0,81
"NBA","Delonte West","CLE","SG",60,1501,194,436,25,77,115,142,29,169,196,55,90,28,86,0,528,6,0,0,3
"NBA","Mario West","ATL","SF",39,152,12,21,0,1,6,10,8,27,9,8,7,0,24,0,30,0,0,0,1
"NBA","Russel Westbrook","OKL","PG",82,2815,485,1160,23,104,329,422,143,401,652,109,268,34,204,2,1322,5,0,0,82
"NBA","D.j. White","OKL","PF",12,100,25,41,0,0,9,10,10,23,4,5,3,3,12,0,59,0,0,0,0
"NBA","Chris Wilcox","DET","PF",34,440,63,120,0,0,26,52,44,117,13,12,38,12,64,0,152,1,0,0,10
"NBA","Damien Wilkins","MIN","SG",80,1585,165,381,18,61,103,129,71,248,135,67,76,25,144,0,451,2,0,0,31
"NBA","Mike Wilks","OKL","PG",4,59,6,12,2,3,2,4,1,4,4,0,4,0,5,0,16,0,0,0,0
"NBA","Deron Williams","UTA","PG",76,2804,494,1053,96,259,335,418,50,303,799,96,252,16,208,2,1419,5,0,0,76
"NBA","Jason Williams","ORL","PG",82,1704,189,426,84,221,31,41,7,125,298,53,87,3,65,0,493,4,0,0,18
"NBA","Jawad Williams","CLE","SF",54,747,81,206,30,93,32,45,16,83,34,12,18,5,73,0,224,0,0,0,6
"NBA","Lou Williams","PHI","PG",64,1909,318,677,70,206,192,233,25,187,268,80,107,15,110,1,898,0,0,0,38
"NBA","Marcus Williams","MEM","PG",62,872,104,271,24,81,37,55,13,93,161,32,74,1,43,0,269,0,0,0,1
"NBA","Marvin Williams","ATL","SF",81,2467,302,664,40,132,176,215,106,416,92,65,72,46,160,0,820,1,0,0,81
"NBA","Mo Williams","CLE","PG",69,2358,378,855,159,371,177,198,28,208,368,70,173,21,170,1,1092,5,0,0,68
"NBA","Reggie Williams","GSW","SF",24,779,140,283,33,92,52,62,18,110,66,22,29,6,49,0,365,1,0,0,10
"NBA","Sean Williams","NJN","PF",20,227,21,49,0,1,10,19,21,46,1,8,20,19,41,1,52,0,0,0,0
"NBA","Shelden Williams","BOS","PF",54,597,63,121,0,1,75,98,47,145,21,13,30,21,85,0,201,1,0,0,0
"NBA","Terrenc Williams","NJN","SG",78,1759,261,652,31,100,103,144,46,348,223,43,124,10,126,0,656,0,0,0,9
"NBA","Antoine Wright","TOR","SF",67,1390,162,399,58,173,53,77,38,190,71,30,58,11,135,0,435,5,0,0,10
"NBA","Dorell Wright","MIA","SG",72,1499,194,419,61,157,61,69,50,235,91,53,53,32,94,0,510,0,0,0,1
"NBA","Julian Wright","NOR","SF",68,872,116,232,2,6,25,41,58,144,41,29,44,18,45,0,259,0,0,0,14
"NBA","Nick Young","WAS","SG",74,1426,233,558,69,170,104,130,20,102,48,27,56,8,147,0,639,0,0,0,23
"NBA","Sam Young","MEM","SF",80,1321,224,497,11,56,136,175,77,201,52,35,94,20,106,0,595,1,0,0,1
"NBA","Thaddeus Young","PHI","SF",67,2143,382,813,48,138,114,165,130,351,97,81,126,15,133,0,926,1,0,0,45
